NAME;AGE;EMAIL
Arnav Dadarya;57;ardada2468@gmail.com
Billy Gates;67;ggGates@gmail.com
Jacob Smith;59;JSmith@gmail.com
Henry Smith;97;Ahhhhh@gmail.com
Billy Jeans;55;Ahhhhh@gmail.com
Billy Jeans;23;Ahhhhh@gmail.com
Billy Jeans;46;Ahhhhh@gmail.com
Billy Jeans;82;Ahhhhh@gmail.com
Billy Jeans;41;Ahhhhh@gmail.com
Billy Jeans;4;Ahhhhh@gmail.com
Billy Jeans;32;Ahhhhh@gmail.com
Billy Jeans;56;Ahhhhh@gmail.com
Billy Jeans;35;Ahhhhh@gmail.com
Billy Jeans;5;Ahhhhh@gmail.com
Billy Jeans;4;Ahhhhh@gmail.com
Billy Jeans;57;Ahhhhh@gmail.com
Billy Jeans;37;Ahhhhh@gmail.com
Billy Jeans;14;Ahhhhh@gmail.com
Billy Jeans;6;Ahhhhh@gmail.com
Billy Jeans;80;Ahhhhh@gmail.com
Billy Jeans;6;Ahhhhh@gmail.com
Billy Jeans;36;Ahhhhh@gmail.com